"Total fertility rate (Maori and total population) (Annual-Dec)","",""
"","Female","Maori Female"
1921,3.08,".."
1922,3.08,".."
1923,2.96,".."
1924,2.93,".."
1925,2.90,".."
1926,2.88,".."
1927,2.79,".."
1928,2.70,".."
1929,2.64,".."
1930,2.60,".."
1931,2.56,".."
1932,2.38,".."
1933,2.31,".."
1934,2.29,".."
1935,2.25,".."
1936,2.30,".."
1937,2.39,".."
1938,2.44,".."
1939,2.56,".."
1940,2.84,".."
1941,2.93,".."
1942,2.87,".."
1943,2.61,".."
1944,2.85,".."
1945,3.10,".."
1946,3.45,".."
1947,3.63,".."
1948,3.57,".."
1949,3.53,".."
1950,3.55,".."
1951,3.60,".."
1952,3.67,".."
1953,3.65,".."
1954,3.78,".."
1955,3.88,".."
1956,3.98,".."
1957,4.03,".."
1958,4.11,".."
1959,4.18,".."
1960,4.24,".."
1961,4.31,".."
1962,4.19,6.18
1963,4.05,6.28
1964,3.80,5.96
1965,3.54,5.71
1966,3.41,5.54
1967,3.35,5.57
1968,3.34,5.46
1969,3.28,5.35
1970,3.17,5.18
1971,3.18,5.05
1972,3.00,4.51
1973,2.76,4.01
1974,2.58,3.58
1975,2.37,3.28
1976,2.27,3.08
1977,2.21,2.98
1978,2.07,2.75
1979,2.12,2.65
1980,2.03,2.43
1981,2.01,2.47
1982,1.95,2.27
1983,1.92,2.23
1984,1.93,2.34
1985,1.93,2.20
1986,1.96,2.14
1987,2.03,2.26
1988,2.10,2.17
1989,2.12,2.21
1990,2.18,2.19
1991,2.09,".."
1992,2.06,".."
1993,2.04,".."
1994,1.98,".."
1995,1.98,".."
1996,1.96,2.70
1997,1.96,2.77
1998,1.89,2.56
1999,1.97,2.69
2000,1.98,2.66
2001,1.97,2.64
2002,1.89,2.50
2003,1.93,2.60
2004,1.98,2.70
2005,1.97,2.67
2006,2.01,2.74
2007,2.18,2.88
2008,2.19,2.84
2009,2.13,2.66
2010,2.17,2.65
2011,2.09,2.51
2012,2.10,2.44
2013,2.01,2.29
2014,1.92,2.15
2015,1.99,2.30
2016,1.87,2.20
2017,1.81,2.18
2018,1.71,2.13
2019,1.72,2.09
2020,1.61,2.06
2021,1.64,1.99
2022,1.66,2.05
"Table information:"
"Units:"
"/ woman, Magnitude = Units"
""
"Footnotes:"
"Rates from 1991 onward are based on the resident population concept. Before 1991, rates are based on the de facto population concept. Vitals data (births, deaths and marriages) is based on date of registration (not date of occurrence)."
"From September 1995, birth and death registrations collected ethnicity based on self-identification, rather than degree-of-blood."
"Maori rates from 1991 onwards are based on the ethnicity of the mother. Before 1991, rates are based on the ethnicity of the child."
"Total fertility rate - the average number of live births that a woman would have during her life if she experienced the age-specific rates of a given period (usually a year). It excludes the effect of mortality."
" "
"Symbols:"
".. figure not available"
"C: Confidential"
"E: Early Estimate"
"P: Provisional"
"R: Revised"
"S: Suppressed"
""
"Status flags are not displayed"
""
"Table reference: "
"DFM006AA"
""
"Last updated:"
"20 February 2023 10:45am"
""
"Source: Statistics New Zealand"
"Contact: Information Centre"
"Telephone: 0508 525 525"
"Email:info@stats.govt.nz"
""
""
""
